{"cameraMode":{"drawMode":0,"name":"Shaded","section":"Shading Mode"},"sceneLighting":false,"audioPlay":false,"sceneViewState":{"m_AlwaysRefresh":false,"showFog":true,"showSkybox":true,"showFlares":true,"showImageEffects":true,"showParticleSystems":true,"showVisualEffectGraphs":true,"m_FxEnabled":true},"in2DMode":false,"pivot":{"x":-0.03457217290997505,"y":4.809570789337158,"z":-1.8527493476867676},"rotation":{"x":-0.5207763314247131,"y":0.0036541675217449667,"z":-0.0021294616162776949,"w":-0.8535977005958557},"size":1.1773099899291993,"orthographic":false}