{"cameraMode":{"drawMode":0,"name":"Shaded","section":"Shading Mode"},"sceneLighting":false,"audioPlay":false,"sceneViewState":{"m_AlwaysRefresh":false,"showFog":true,"showSkybox":true,"showFlares":true,"showImageEffects":true,"showParticleSystems":true,"showVisualEffectGraphs":true,"m_FxEnabled":true},"in2DMode":false,"pivot":{"x":-2.5313873291015627,"y":1.9247969388961793,"z":-0.02550453133881092},"rotation":{"x":0.41272860765457156,"y":-0.28412601351737978,"z":0.13513243198394776,"w":0.8547928929328919},"size":5.099493503570557,"orthographic":false}