{"cameraMode":{"drawMode":0,"name":"Shaded","section":"Shading Mode"},"sceneLighting":false,"audioPlay":false,"sceneViewState":{"m_AlwaysRefresh":false,"showFog":true,"showSkybox":true,"showFlares":true,"showImageEffects":true,"showParticleSystems":true,"showVisualEffectGraphs":true,"m_FxEnabled":true},"in2DMode":false,"pivot":{"x":15.15805721282959,"y":6.84860897064209,"z":-16.556541442871095},"rotation":{"x":0.0056040906347334389,"y":0.10334896296262741,"z":-0.001257844502106309,"w":0.9946320652961731},"size":1.941088318824768,"orthographic":false}