{"cameraMode":{"drawMode":0,"name":"Shaded","section":"Shading Mode"},"sceneLighting":false,"audioPlay":false,"sceneViewState":{"m_AlwaysRefresh":false,"showFog":true,"showSkybox":true,"showFlares":true,"showImageEffects":true,"showParticleSystems":true,"showVisualEffectGraphs":true,"m_FxEnabled":true},"in2DMode":false,"pivot":{"x":-2.912811279296875,"y":1.7183847427368165,"z":-1.3958101272583008},"rotation":{"x":0.0068331314250826839,"y":-0.9047457575798035,"z":0.013033752329647541,"w":0.4257000982761383},"size":0.009360418654978276,"orthographic":false}