{"cameraMode":{"drawMode":0,"name":"Shaded","section":"Shading Mode"},"sceneLighting":false,"audioPlay":false,"sceneViewState":{"m_AlwaysRefresh":false,"showFog":true,"showSkybox":true,"showFlares":true,"showImageEffects":true,"showParticleSystems":true,"showVisualEffectGraphs":true,"m_FxEnabled":true},"in2DMode":false,"pivot":{"x":3.196171283721924,"y":0.19908614456653596,"z":-6.785912990570068},"rotation":{"x":0.006126179359853268,"y":0.9925065636634827,"z":-0.09341810643672943,"w":-0.0784112811088562},"size":8.216449737548829,"orthographic":false}