{"cameraMode":{"drawMode":0,"name":"Shaded","section":"Shading Mode"},"sceneLighting":false,"audioPlay":false,"sceneViewState":{"m_AlwaysRefresh":false,"showFog":true,"showSkybox":true,"showFlares":true,"showImageEffects":true,"showParticleSystems":true,"showVisualEffectGraphs":true,"m_FxEnabled":true},"in2DMode":false,"pivot":{"x":-2.7837233543395998,"y":-18.056528091430665,"z":16.611751556396486},"rotation":{"x":0.47783756256103518,"y":-0.1577678769826889,"z":0.08770565688610077,"w":0.8596909642219544},"size":14.904071807861329,"orthographic":false}