{"cameraMode":{"drawMode":0,"name":"Shaded","section":"Shading Mode"},"sceneLighting":false,"audioPlay":false,"sceneViewState":{"m_AlwaysRefresh":false,"showFog":true,"showSkybox":true,"showFlares":true,"showImageEffects":true,"showParticleSystems":true,"showVisualEffectGraphs":true,"m_FxEnabled":true},"in2DMode":false,"pivot":{"x":1.7854578495025635,"y":1.8400200605392457,"z":0.04509960114955902},"rotation":{"x":0.5522485971450806,"y":0.0224998127669096,"z":-0.014909569174051285,"w":0.8332291841506958},"size":12.691707611083985,"orthographic":false}