{"cameraMode":{"drawMode":0,"name":"Shaded","section":"Shading Mode"},"sceneLighting":false,"audioPlay":false,"sceneViewState":{"m_AlwaysRefresh":false,"showFog":true,"showSkybox":true,"showFlares":true,"showImageEffects":true,"showParticleSystems":true,"showVisualEffectGraphs":true,"m_FxEnabled":true},"in2DMode":false,"pivot":{"x":1.9491236209869385,"y":-8.847214698791504,"z":14.432563781738282},"rotation":{"x":-0.40392163395881655,"y":-0.006314599886536598,"z":0.0027878584805876018,"w":-0.914771318435669},"size":10.897573471069336,"orthographic":false}