{"cameraMode":{"drawMode":0,"name":"Shaded","section":"Shading Mode"},"sceneLighting":false,"audioPlay":false,"sceneViewState":{"m_AlwaysRefresh":false,"showFog":true,"showSkybox":false,"showFlares":true,"showImageEffects":true,"showParticleSystems":true,"showVisualEffectGraphs":true,"m_FxEnabled":true},"in2DMode":false,"pivot":{"x":-0.1523071527481079,"y":-0.2794155478477478,"z":-0.028163790702819825},"rotation":{"x":-0.4752696454524994,"y":0.010291009210050106,"z":-0.00562405027449131,"w":-0.8797534108161926},"size":2.148932933807373,"orthographic":false}