{"cameraMode":{"drawMode":0,"name":"Shaded","section":"Shading Mode"},"sceneLighting":false,"audioPlay":false,"sceneViewState":{"m_AlwaysRefresh":false,"showFog":true,"showSkybox":false,"showFlares":true,"showImageEffects":true,"showParticleSystems":true,"showVisualEffectGraphs":true,"m_FxEnabled":true},"in2DMode":false,"pivot":{"x":-0.49000000953674319,"y":0.49900001287460329,"z":-834.9999389648438},"rotation":{"x":-0.3253554701805115,"y":0.25841760635375979,"z":-0.09311843663454056,"w":-0.9048119783401489},"size":0.17684753239154817,"orthographic":false}